{
  "shuffle": true,
  "subset": null,
  "min_freq": 75,
  "lower": true,
  "stem": false,
  "analyzer": "char_wb",
  "ngram_max_range": 4,
  "alpha": 0.0001,
  "learning_rate": 0.33718025986851996,
  "power_t": 0.10923146605145873,
  "num_epochs": 100,
  "threshold": 0.4581173731501636
}